{
    "1": {
      "name": "Масло",
      "cost": 1000,
      "img": "tovar1.png"
   },
   "2": {
      "name": "Колеса",
      "cost": 10000,
      "img": "tovar2.png"
   },
   "3": {
      "name": "Свічки",
      "cost": 500,
      "img": "tovar3.png"
   },
   "4": {
      "name": "Акамулятор",
      "cost": 20000,
      "img": "tovar4.png"
   },
   "5": {
      "name": "Лампочка",
      "cost": 100,
      "img": "tovar5.png"
   },
   "6": {
      "name": "Руль",
      "cost": 2000,
      "img": "tovar6.png"
   },
   "7": {
      "name": "Фари",
      "cost": 3000,
      "img": "tovar7.png"
   },
   "8": {
      "name": "Колонки",
      "cost": 5000,
      "img": "tovar8.png"
   },
   "9": {
      "name": "Колодки",
      "cost": 800,
      "img": "tovar9.png"
   } 
}